id;imagem;imagem_content_type;quantidade;observacao
1;../fake-data/blob/hipster.png;image/png;54159;JBOD Metrics Arab
2;../fake-data/blob/hipster.png;image/png;95166;Global Granite
3;../fake-data/blob/hipster.png;image/png;70950;reintermediate
4;../fake-data/blob/hipster.png;image/png;61902;Global port
5;../fake-data/blob/hipster.png;image/png;68864;Plastic program
6;../fake-data/blob/hipster.png;image/png;33614;Virtual
7;../fake-data/blob/hipster.png;image/png;30562;rich calculating
8;../fake-data/blob/hipster.png;image/png;31704;Card
9;../fake-data/blob/hipster.png;image/png;4862;Internal Rustic
10;../fake-data/blob/hipster.png;image/png;34084;Functionality
